Student ID,Gender,Attendance,Study Hour,Test1,Test2,Internal,Marks,Pass,Predicted_Marks,Predicted_Pass
1,M,90,6,19,16,42,77,1,95.7051311817971,Pass ✅
2,F,75,8,16,19,46,81,1,69.24030647782678,Pass ✅
3,F,85,5,15,17,38,70,1,70.0,Pass ✅
4,F,60,7,18,16,40,74,1,73.99999999999997,Pass ✅
5,M,78,10,20,19,47,86,1,86.0,Pass ✅
6,M,69,4,12,14,32,38,0,38.0,Fail ❌
